url,filename
https://ralls.ro/wp-content/uploads/2025/02/WhatsApp-Image-2025-03-02-at-13.57.24_f5a430e6.jpg,cd2b5510cef9.jpg
https://ralls.ro/wp-content/uploads/2025/03/WhatsApp-Image-2025-03-02-at-14.01.37_2a27710b.jpg,7a2d5336b2ab.jpg
https://ralls.ro/wp-content/uploads/2025/03/WhatsApp-Image-2025-03-02-at-14.02.56_c1c9ac65.jpg,b07997804290.jpg
https://ralls.ro/wp-content/uploads/2025/03/WhatsApp-Image-2025-03-02-at-14.04.57_caa344aa.jpg,38bdd37a2284.jpg
https://ralls.ro/wp-content/uploads/2025/03/WhatsApp-Image-2025-03-02-at-14.06.30_e92796f9.jpg,b838697c2288.jpg
https://ralls.ro/wp-content/uploads/2025/03/WhatsApp-Image-2025-03-02-at-14.08.07_89d62e9f.jpg,7f12e1c4bfd0.jpg
https://ralls.ro/wp-content/uploads/2025/03/WhatsApp-Image-2025-03-02-at-14.10.52_dc22d37b.jpg,03eb9d28efc7.jpg
https://ralls.ro/wp-content/uploads/2025/03/WhatsApp-Image-2025-03-02-at-14.12.54_1941f008.jpg,ce7a8518e14c.jpg
https://ralls.ro/wp-content/uploads/2025/03/WhatsApp-Image-2025-03-02-at-14.14.40_1f00ecc3.jpg,5395d8e8c9a2.jpg
https://ralls.ro/wp-content/uploads/2025/03/WhatsApp-Image-2025-03-02-at-14.17.07_864b63df.jpg,d26389fd1d03.jpg
https://ralls.ro/wp-content/uploads/2025/03/WhatsApp-Image-2025-03-02-at-14.19.02_b87a141e.jpg,6f850881876a.jpg
https://ralls.ro/wp-content/uploads/2025/03/WhatsApp-Image-2025-03-02-at-14.25.15_bca64c6d.jpg,788a6d5c92a4.jpg
https://ralls.ro/wp-content/uploads/2025/03/WhatsApp-Image-2025-03-02-at-14.17.07_864b63df-1.jpg,dc1bb578edbe.jpg
https://ralls.ro/wp-content/uploads/2025/03/WhatsApp-Image-2025-03-02-at-14.29.28_1cde7e6f.jpg,1f45df0a1d18.jpg
https://ralls.ro/wp-content/uploads/2025/03/WhatsApp-Image-2025-03-02-at-14.17.07_864b63df-2.jpg,f6ff383e909e.jpg
https://ralls.ro/wp-content/uploads/2025/03/WhatsApp-Image-2025-03-02-at-14.32.17_44c4ab8f.jpg,3c20180b9958.jpg
https://ralls.ro/wp-content/uploads/2025/03/WhatsApp-Image-2025-03-02-at-14.32.17_68bfb3d4.jpg,a6452be7ce04.jpg
https://ralls.ro/wp-content/uploads/2025/03/WhatsApp-Image-2025-03-02-at-14.34.39_dbb5d9b9.jpg,0f1ceca06417.jpg
https://ralls.ro/wp-content/uploads/2025/03/WhatsApp-Image-2025-03-02-at-14.34.39_a7174153.jpg,7f58a9a6aace.jpg
https://ralls.ro/wp-content/uploads/2025/03/WhatsApp-Image-2025-03-02-at-14.34.40_02490519.jpg,27104f9acb33.jpg
https://ralls.ro/wp-content/uploads/2025/03/WhatsApp-Image-2025-03-02-at-14.34.39_a7174153-1.jpg,b6b2feb8f701.jpg
https://ralls.ro/wp-content/uploads/2025/03/WhatsApp-Image-2025-03-02-at-14.36.45_40b52327.jpg,8a8164cd4e72.jpg
https://ralls.ro/wp-content/uploads/2025/03/WhatsApp-Image-2025-03-02-at-14.38.56_c117bb16.jpg,8a64b6fe2de5.jpg
https://ralls.ro/wp-content/uploads/2025/03/WhatsApp-Image-2025-03-02-at-14.38.56_c117bb16-1.jpg,e99138191ca9.jpg
https://ralls.ro/wp-content/uploads/2025/03/WhatsApp-Image-2025-03-02-at-14.52.38_60a288da.jpg,7e8fea9a2086.jpg
https://ralls.ro/wp-content/uploads/2025/03/WhatsApp-Image-2025-03-02-at-14.52.38_0127ce8d.jpg,578aad5e5ad8.jpg
https://ralls.ro/wp-content/uploads/2025/03/WhatsApp-Image-2025-03-02-at-14.55.38_3c96c100.jpg,fb670788ac41.jpg
https://ralls.ro/wp-content/uploads/2025/03/WhatsApp-Image-2025-03-02-at-14.57.01_5cd49575.jpg,486fc4a454ea.jpg
https://ralls.ro/wp-content/uploads/2025/03/WhatsApp-Image-2025-03-02-at-14.58.52_625f00aa.jpg,224a898f4cca.jpg
https://ralls.ro/wp-content/uploads/2025/03/WhatsApp-Image-2025-03-02-at-15.01.49_86aeecec.jpg,80c314e59ffd.jpg
https://ralls.ro/wp-content/uploads/2025/03/WhatsApp-Image-2025-03-02-at-15.05.16_8bb8b501.jpg,48a8c5d83ad2.jpg
https://ralls.ro/wp-content/uploads/2025/03/WhatsApp-Image-2025-03-02-at-15.14.05_44ae5f13.jpg,c9503dea08bd.jpg
https://ralls.ro/wp-content/uploads/2025/03/WhatsApp-Image-2025-03-02-at-15.20.53_97153cd5.jpg,7b8917c02191.jpg
https://ralls.ro/wp-content/uploads/2025/03/WhatsApp-Image-2025-03-02-at-15.23.17_f62a237c.jpg,cc58c8e5717d.jpg
https://ralls.ro/wp-content/uploads/2025/03/WhatsApp-Image-2025-03-02-at-15.26.20_0283d959.jpg,8cda0116b5d1.jpg
https://ralls.ro/wp-content/uploads/2025/03/WhatsApp-Image-2025-03-02-at-15.29.06_c8e0cdf2.jpg,f08c814b4246.jpg
https://ralls.ro/wp-content/uploads/2025/03/WhatsApp-Image-2025-03-02-at-15.37.34_b2a59212.jpg,1f515ddf9f24.jpg
https://ralls.ro/wp-content/uploads/2025/03/WhatsApp-Image-2025-03-02-at-15.37.34_b2a59212-1.jpg,c51c18241914.jpg
https://ralls.ro/wp-content/uploads/2025/03/WhatsApp-Image-2025-03-02-at-15.43.39_f8a9a684.jpg,efb29da1717b.jpg
https://ralls.ro/wp-content/uploads/2025/03/WhatsApp-Image-2025-03-02-at-15.49.57_a9164d09.jpg,01dc5e9bdb0f.jpg
https://ralls.ro/wp-content/uploads/2025/03/WhatsApp-Image-2025-03-02-at-15.37.34_b2a59212-2.jpg,b14bca512eec.jpg
https://ralls.ro/wp-content/uploads/2025/03/WhatsApp-Image-2025-03-02-at-16.13.01_880d83ae.jpg,1c062c07302a.jpg
https://ralls.ro/wp-content/uploads/2025/03/WhatsApp-Image-2025-03-02-at-16.15.27_b904f2ff.jpg,2c7cdff34850.jpg
https://ralls.ro/wp-content/uploads/2025/03/WhatsApp-Image-2025-03-02-at-16.17.55_6c152d47.jpg,436151156b85.jpg
https://ralls.ro/wp-content/uploads/2025/03/WhatsApp-Image-2025-03-02-at-16.15.27_b904f2ff-1.jpg,1ed56777f883.jpg
https://ralls.ro/wp-content/uploads/2025/03/WhatsApp-Image-2025-03-02-at-16.22.10_d939ded1.jpg,e6747ace0cf4.jpg
https://ralls.ro/wp-content/uploads/2025/03/WhatsApp-Image-2025-03-02-at-16.15.27_b904f2ff-2.jpg,28f568debaba.jpg
https://ralls.ro/wp-content/uploads/2025/03/WhatsApp-Image-2025-03-02-at-16.24.06_6595650a.jpg,f66e9e130a41.jpg
https://ralls.ro/wp-content/uploads/2025/03/WhatsApp-Image-2025-03-03-at-17.19.03_9a499fe1.jpg,5143390375ca.jpg
https://ralls.ro/wp-content/uploads/2025/03/WhatsApp-Image-2025-03-03-at-17.21.06_2f01efbb.jpg,371b46cb6a88.jpg
https://ralls.ro/wp-content/uploads/2025/03/WhatsApp-Image-2025-03-03-at-17.19.03_9a499fe1-1.jpg,22dd5ca3eda5.jpg
https://ralls.ro/wp-content/uploads/2025/03/WhatsApp-Image-2025-03-03-at-17.24.15_83d95620.jpg,866038d5e77e.jpg
https://ralls.ro/wp-content/uploads/2025/03/WhatsApp-Image-2025-03-03-at-17.26.25_67a82049.jpg,cf272ea84fcb.jpg
https://ralls.ro/wp-content/uploads/2025/03/WhatsApp-Image-2025-03-03-at-17.28.47_65a28e2b.jpg,7026387eb22d.jpg
https://ralls.ro/wp-content/uploads/2025/03/WhatsApp-Image-2025-03-03-at-17.30.21_5b785d21.jpg,334480233383.jpg
https://ralls.ro/wp-content/uploads/2025/03/WhatsApp-Image-2025-03-03-at-17.33.45_019860ae.jpg,c5b132f4e26a.jpg
https://ralls.ro/wp-content/uploads/2025/03/WhatsApp-Image-2025-03-03-at-17.35.44_54065b71.jpg,941c3c9840d4.jpg
https://ralls.ro/wp-content/uploads/2025/03/WhatsApp-Image-2025-03-03-at-17.38.11_71d2f0ca.jpg,b82dec53a51b.jpg
https://ralls.ro/wp-content/uploads/2025/03/WhatsApp-Image-2025-03-03-at-17.33.45_019860ae-1.jpg,453c70bf6a69.jpg
https://ralls.ro/wp-content/uploads/2025/03/WhatsApp-Image-2025-03-03-at-17.42.51_b1292850.jpg,31017d735be5.jpg
https://ralls.ro/wp-content/uploads/2025/03/WhatsApp-Image-2025-03-03-at-17.48.12_41b80274.jpg,2b4b4ec529ec.jpg
https://ralls.ro/wp-content/uploads/2025/03/WhatsApp-Image-2025-03-03-at-17.50.02_5a0f6fea.jpg,604370d930c2.jpg
https://ralls.ro/wp-content/uploads/2025/03/WhatsApp-Image-2025-03-03-at-17.51.28_7640a3ac.jpg,12f12a183eb7.jpg
https://ralls.ro/wp-content/uploads/2025/03/WhatsApp-Image-2025-03-03-at-17.53.20_984c8b0c.jpg,ebf4b71c1fea.jpg
https://ralls.ro/wp-content/uploads/2025/03/WhatsApp-Image-2025-03-03-at-17.54.50_8e8e3311.jpg,3abf8d02fd83.jpg
https://ralls.ro/wp-content/uploads/2025/03/WhatsApp-Image-2025-03-03-at-17.56.34_99664844.jpg,c1fc3f9a049c.jpg
https://ralls.ro/wp-content/uploads/2025/03/WhatsApp-Image-2025-03-03-at-17.58.01_a7b4bf28.jpg,3ac2c2466d2a.jpg
https://ralls.ro/wp-content/uploads/2025/03/WhatsApp-Image-2025-03-03-at-17.59.16_2eeab2f0.jpg,e9c0f36b2b11.jpg
https://ralls.ro/wp-content/uploads/2025/03/WhatsApp-Image-2025-03-03-at-18.01.13_99b79b41.jpg,7de961b9680c.jpg
https://ralls.ro/wp-content/uploads/2025/03/WhatsApp-Image-2025-03-03-at-18.02.58_9c8f37f5.jpg,18b084a3a3e0.jpg
https://ralls.ro/wp-content/uploads/2025/03/WhatsApp-Image-2025-03-03-at-18.05.31_4d02136c.jpg,1a37a983f44c.jpg
https://ralls.ro/wp-content/uploads/2025/03/WhatsApp-Image-2025-03-03-at-18.08.34_560d7fc2.jpg,5bc282f6de87.jpg
https://ralls.ro/wp-content/uploads/2025/03/WhatsApp-Image-2025-03-03-at-18.13.52_f657b0d2.jpg,c7348e81e646.jpg
https://ralls.ro/wp-content/uploads/2025/03/WhatsApp-Image-2025-03-03-at-18.17.37_a3945b52.jpg,46cff29203dd.jpg
https://ralls.ro/wp-content/uploads/2025/03/WhatsApp-Image-2025-03-03-at-18.19.43_b5c7e2dc.jpg,db884f89ea3f.jpg
https://ralls.ro/wp-content/uploads/2025/03/WhatsApp-Image-2025-03-03-at-18.21.00_fb48898d.jpg,1da6e56faa05.jpg
https://ralls.ro/wp-content/uploads/2025/03/WhatsApp-Image-2025-03-03-at-18.22.57_7521ec76.jpg,d36f80ac99cb.jpg
https://ralls.ro/wp-content/uploads/2025/03/WhatsApp-Image-2025-03-03-at-18.17.37_a3945b52-1.jpg,ac06955fb4b8.jpg
https://ralls.ro/wp-content/uploads/2025/03/WhatsApp-Image-2025-03-03-at-18.28.29_8e8a736d.jpg,6c6448f2ae3a.jpg
https://ralls.ro/wp-content/uploads/2025/03/WhatsApp-Image-2025-03-03-at-18.32.47_3e7b4181-1.jpg,fb2c36a1611e.jpg
https://ralls.ro/wp-content/uploads/2025/03/WhatsApp-Image-2025-03-03-at-18.34.19_df96323d.jpg,54cba14480f7.jpg
https://ralls.ro/wp-content/uploads/2025/03/WhatsApp-Image-2025-03-03-at-18.36.17_fb1c0fb6.jpg,d2c2d7d61055.jpg
https://ralls.ro/wp-content/uploads/2025/03/WhatsApp-Image-2025-03-03-at-18.38.03_a7631452.jpg,0dcfdc6b3822.jpg
https://ralls.ro/wp-content/uploads/2025/03/WhatsApp-Image-2025-03-03-at-18.38.03_a35513bf.jpg,0c5a4769bd72.jpg
https://ralls.ro/wp-content/uploads/2025/03/WhatsApp-Image-2025-03-03-at-18.39.10_942a2007.jpg,bce714ff409d.jpg
https://ralls.ro/wp-content/uploads/2025/03/WhatsApp-Image-2025-03-03-at-18.43.45_48b53165.jpg,f7f78c5d3d91.jpg
https://ralls.ro/wp-content/uploads/2025/03/WhatsApp-Image-2025-03-03-at-18.45.17_0149591a.jpg,e31ab8906f30.jpg
https://ralls.ro/wp-content/uploads/2025/03/WhatsApp-Image-2025-03-03-at-18.46.43_160af042.jpg,3c373b04b650.jpg
https://ralls.ro/wp-content/uploads/2025/03/WhatsApp-Image-2025-03-12-at-09.56.16_84036423.jpg,3e7d7cab75ba.jpg
https://ralls.ro/wp-content/uploads/2025/06/P1.jpg,2ee1e5f861cd.jpg
https://ralls.ro/wp-content/uploads/2025/06/P2.jpg,58885918afd6.jpg
https://ralls.ro/wp-content/uploads/2025/06/P3.jpg,4672812c4125.jpg
https://ralls.ro/wp-content/uploads/2025/06/P5.jpg,01afa8b4f8ff.jpg
https://ralls.ro/wp-content/uploads/2025/06/P6.jpg,8d9d98daa6da.jpg
https://ralls.ro/wp-content/uploads/2025/06/P1-1.jpg,f2406e391387.jpg
https://ralls.ro/wp-content/uploads/2025/06/P2-1.jpg,9f3cd59fdeb9.jpg
https://ralls.ro/wp-content/uploads/2025/06/P3-1.jpg,8cc97365e81a.jpg
https://ralls.ro/wp-content/uploads/2025/06/P4.jpg,875366ed6af7.jpg
https://ralls.ro/wp-content/uploads/2025/06/P7.jpg,453e57f13a0b.jpg
https://ralls.ro/wp-content/uploads/2025/06/P9.jpg,51e39e84cdaf.jpg
https://ralls.ro/wp-content/uploads/2025/06/P9.1.jpg,1b6ee18a65bd.jpg
https://ralls.ro/wp-content/uploads/2025/06/P10.jpg,5e0443caf0d8.jpg
https://ralls.ro/wp-content/uploads/2025/06/P11.jpg,5c19115e76fa.jpg
https://ralls.ro/wp-content/uploads/2025/06/P11.1.jpg,0f00a2c9bdf1.jpg
https://ralls.ro/wp-content/uploads/2026/04/Rochie-Milena.png,205dec3319d7.png
https://ralls.ro/wp-content/uploads/2026/04/Rochie-Carolina.png,eaa0fe1936ed.png
https://ralls.ro/wp-content/uploads/2026/04/RochieMerry.png,b51319fd4f37.png
https://ralls.ro/wp-content/uploads/2026/04/Rochie-Isabelle.png,7519f07613ce.png
https://ralls.ro/wp-content/uploads/2026/04/Rochie-Georgina.png,e7ef730c3016.png
https://ralls.ro/wp-content/uploads/2026/04/Set-Melissa.png,f9110f602e03.png
https://ralls.ro/wp-content/uploads/2026/04/CapaTimeea.png,0d243d423a19.png
https://ralls.ro/wp-content/uploads/2026/04/Set-Adonia.png,34b4ca3388cc.png
https://ralls.ro/wp-content/uploads/2026/04/Rochie-Becca.png,3b69b73cb8a7.png
https://ralls.ro/wp-content/uploads/2026/04/Rochie-Adalia.png,e2ae5cfc60ba.png
https://ralls.ro/wp-content/uploads/2026/04/RochieEllania.png,fdf9e38a019f.png
https://ralls.ro/wp-content/uploads/2026/04/Rochie-Lovia.png,b905d4b967f0.png
https://ralls.ro/wp-content/uploads/2026/04/Rochie-Teona.png,833113e58f82.png
https://ralls.ro/wp-content/uploads/2026/04/Salopeta-Sienna.png,2d51748f4f5a.png
https://ralls.ro/wp-content/uploads/2026/04/PaturaBebe.png,0b3986ff7a89.png
https://ralls.ro/wp-content/uploads/2026/04/Set-Tim.png,6995ab768860.png
https://ralls.ro/wp-content/uploads/2026/04/Set-Sergio.png,79bb9dab2dfa.png
https://ralls.ro/wp-content/uploads/2026/04/Set-Rares.png,9d457872e903.png
